,neg,neu,pos,compound
kinghenryiv,0.08265921787709497,0.8257737430167598,0.091572625698324,0.01906480446927374
westmoreland,0.08962195121951219,0.825341463414634,0.08503658536585365,-0.017067073170731698
falstaff,0.07911369740376004,0.8249239033124434,0.09596418979409128,0.019717367949865706
princehenry,0.08152280130293156,0.8156547231270355,0.10283224755700322,0.028733387622149848
poins,0.07779545454545454,0.8759772727272729,0.04623863636363637,-0.012796590909090905
earlofworcester,0.09471354166666666,0.8073437500000001,0.09796354166666665,0.015357812500000003
northumberland,0.09793532338308457,0.796676616915423,0.10540796019900497,0.009125373134328369
hotspur,0.08504288164665524,0.8047118353344765,0.11025214408233276,0.040404459691252136
sirwalterblunt,0.08395555555555556,0.7709555555555555,0.14506666666666668,0.06674888888888887
firstcarrier,0.12622727272727274,0.8164090909090909,0.057318181818181824,-0.08569545454545456
ostler,0.0,1.0,0.0,0.0
secondcarrier,0.04717647058823529,0.8548823529411763,0.09794117647058824,0.011735294117647056
gadshill,0.035625,0.8406666666666669,0.12368750000000002,0.12342083333333331
chamberlain,0.05814942528735633,0.7988103448275864,0.14304022988505746,0.10928448275862067
bardolph,0.04754761904761905,0.8755595238095237,0.07688095238095236,0.024495238095238098
peto,0.058823529411764705,0.8257058823529411,0.11535294117647059,0.04982941176470589
firsttraveller,0.0,0.8915,0.1085,0.1806
thieves,0.0,1.0,0.0,0.0
travellers,0.0,0.6965,0.3035,0.23765
ladypercy,0.09634426229508196,0.8171639344262294,0.08650819672131148,-0.01267049180327869
servant,0.05081854838709678,0.8476693548387096,0.10150403225806454,0.06390604838709676
francis,0.0,0.9826875,0.0173125,0.0198875
vintner,0.0,1.0,0.0,0.0
hostess,0.05383000000000001,0.8762999999999999,0.06985999999999999,0.019330999999999997
sheriff,0.11746666666666666,0.7420666666666665,0.14046666666666666,0.04419333333333332
carrier,0.0,1.0,0.0,0.0
mortimer,0.0854320987654321,0.8044876543209878,0.11008641975308642,0.033958024691358016
glendower,0.0727560975609756,0.8501585365853661,0.07709756097560976,0.01498170731707317
earlofdouglas,0.10486538461538462,0.7952115384615386,0.09992307692307692,-0.027176923076923085
messenger,0.07073425196850396,0.8371043307086612,0.09216535433070863,0.02318228346456694
vernon,0.05094059405940594,0.8160891089108909,0.13297029702970298,0.11555643564356438
worcester,0.0,0.714,0.286,0.4215
archbishopofyork,0.049796296296296304,0.8495370370370372,0.10066666666666665,0.056994444444444445
sirmichael,0.027,0.7344999999999999,0.23850000000000002,0.21273749999999997
lancaster,0.06466666666666668,0.8618888888888888,0.07344444444444445,-0.03242222222222223
bedford,0.10141758241758243,0.7919010989010987,0.10670329670329672,-0.005202197802197796
gloucester,0.09807447916666677,0.7936963541666663,0.10823072916666669,0.012620625000000007
exeter,0.0915045045045045,0.8197567567567567,0.08872522522522522,-0.011075225225225228
ofwinchester,0.06875728155339805,0.8339611650485436,0.09728155339805823,0.03708252427184466
charles,0.06485786802030455,0.8102639593908628,0.12487309644670051,0.08537157360406093
alencon,0.0629,0.80844,0.12868000000000002,0.09456200000000001
reignier,0.09261904761904761,0.7888571428571427,0.11852380952380952,0.04808253968253968
bastardoforleans,0.0326,0.8176666666666669,0.14973333333333333,0.14153666666666667
joanlapucelle,0.1024336917562724,0.802505376344086,0.09506093189964154,-0.0054290322580645076
firstwarder,0.05975,0.8055,0.13475,0.15042499999999998
secondwarder,0.1775,0.8225,0.0,-0.32985
woodvile,0.073,0.8603999999999999,0.0666,0.02812
mayor,0.11130555555555557,0.7847222222222221,0.10397222222222223,0.025105555555555555
officer,0.07440384615384615,0.8225192307692308,0.10303846153846154,0.044976923076923074
boy,0.08545669291338583,0.8512204724409448,0.06333070866141732,-0.02490944881889765
salisbury,0.11133450704225353,0.7711936619718311,0.1174612676056337,0.015186619718309854
talbot,0.11552850877192981,0.7912192982456137,0.09324561403508771,-0.039800219298245613
gargrave,0.0,0.841,0.159,0.20995
glansdale,0.0,1.0,0.0,0.0
sergeant,0.12468181818181817,0.7837499999999998,0.09156818181818181,-0.05057727272727274
firstsentinel,0.18816666666666668,0.8118333333333333,0.0,-0.2556833333333333
burgundy,0.077936,0.7909360000000002,0.13112000000000001,0.08530720000000003
sentinels,0.40166666666666667,0.5693333333333334,0.028999999999999998,-0.5774333333333334
soldier,0.05808695652173913,0.8767246376811595,0.06518840579710145,0.00973768115942028
captain,0.10113095238095235,0.7880833333333335,0.11079761904761905,0.0005988095238095276
ofauvergne,0.09690000000000001,0.8318199999999999,0.07126,-0.020548
porter,0.05256701030927835,0.8893814432989692,0.05805154639175257,0.030552577319587625
plantagenet,0.08909999999999998,0.8093899999999999,0.10150999999999998,0.008026
suffolk,0.08886509274873522,0.7945278246205728,0.11660539629005062,0.035501854974704886
somerset,0.07934027777777776,0.8224513888888884,0.09820833333333333,0.011452083333333335
warwick,0.08641014492753622,0.8064797101449269,0.10710579710144932,0.0296376811594203
lawyer,0.06899999999999999,0.9309999999999999,0.0,-0.09725714285714285
firstgaoler,0.06045283018867924,0.8580377358490566,0.08149056603773584,0.034062264150943385
kinghenryvi,0.08901635768811345,0.7814165757906218,0.1295692475463468,0.050659432933478715
all,0.07021379310344827,0.7964896551724137,0.13330344827586207,0.052661379310344814
firstsoldier,0.049807407407407404,0.8752370370370373,0.07494814814814815,0.014285185185185187
watch,0.0,1.0,0.0,0.0
fastolfe,0.0,0.8283333333333333,0.17166666666666666,0.2691444444444444
basset,0.1336,0.7475200000000001,0.11884,-0.029644000000000007
york,0.08814054054054049,0.8185635135135136,0.09329324324324326,0.0046866216216216216
general,0.2003793103448276,0.7015517241379309,0.09803448275862069,-0.14914137931034482
lucy,0.09483132530120482,0.790879518072289,0.11427710843373494,0.029712048192771085
johntalbot,0.17736170212765953,0.7298510638297876,0.09280851063829787,-0.12365531914893617
legate,0.0,1.0,0.0,0.0
scout,0.060399999999999995,0.6891999999999999,0.2504,0.23806
margaret,0.06453000000000002,0.8299700000000003,0.10550999999999998,0.07019
shepherd,0.05656626506024097,0.8410421686746989,0.10238554216867474,0.05918855421686745
queenmargaret,0.11937072018890205,0.775572609208973,0.10505548996458088,-0.02436682408500589
cardinal,0.0928083333333333,0.8086500000000001,0.09854999999999998,0.0051025
buckingham,0.07077994011976046,0.7995359281437127,0.12968562874251488,0.091790868263473
duchess,0.09418617021276596,0.8203510638297875,0.08546276595744681,-0.010662234042553188
hume,0.07058823529411765,0.8329411764705883,0.09647058823529411,0.028250000000000008
firstpetitioner,0.052125,0.90225,0.045625,0.005974999999999994
secondpetitioner,0.10999999999999999,0.7133333333333333,0.17666666666666667,0.007283333333333346
peter,0.06726984126984126,0.8246190476190475,0.10812698412698414,0.04130158730158731
horner,0.15,0.7484166666666668,0.10162500000000001,-0.006687499999999996
bolingbroke,0.08086206896551724,0.8499310344827585,0.06920689655172414,-0.01493448275862069
spirit,0.10729999999999999,0.8446,0.0481,-0.09136000000000002
margaretjourdain,0.0,0.94225,0.05775,0.0683
townsman,0.0775,0.6725,0.25,0.11140000000000001
simpcox,0.14453846153846153,0.7381153846153847,0.11734615384615385,-0.02725384615384617
wife,0.091375,0.8095,0.09912499999999999,0.05422500000000001
beadle,0.0,1.0,0.0,0.0
both,0.047119999999999995,0.8050000000000002,0.14788,0.06674399999999998
firstneighbour,0.1205,0.8009999999999999,0.079,-0.1366
secondneighbour,0.0,1.0,0.0,0.0
thirdneighbour,0.195,0.6585,0.1465,-0.026749999999999996
servants,0.0,1.0,0.0,0.0
herald,0.011128205128205127,0.8535897435897436,0.1352820512820513,0.17213846153846155
stanley,0.046225,0.8459249999999999,0.10790000000000002,0.10052499999999998
post,0.07194871794871795,0.8442307692307691,0.08382051282051282,-0.0039461538461538475
firstmurderer,0.06788461538461538,0.8497788461538462,0.08234615384615385,0.021119230769230765
secondmurderer,0.117075,0.8013874999999999,0.08152499999999999,-0.044371249999999994
firstmurder,0.0,1.0,0.0,0.0
commons,0.0,1.0,0.0,0.0
vaux,0.08386666666666667,0.8654666666666666,0.050666666666666665,-0.05218
firstgentleman,0.0651056338028169,0.8355598591549294,0.09933450704225352,0.037992605633802815
master,0.0,0.9581428571428571,0.04185714285714286,0.06291428571428571
secondgentleman,0.04020873786407766,0.8279563106796117,0.1318349514563107,0.1020674757281553
whitmore,0.18747619047619046,0.7796666666666665,0.032857142857142856,-0.18921904761904762
bevis,0.14850000000000002,0.716357142857143,0.1352857142857143,-0.03301428571428571
holland,0.07742105263157895,0.8876315789473683,0.03494736842105263,-0.0666
cade,0.06482656826568264,0.8682878228782288,0.06688560885608856,0.016760147601476018
dick,0.07372222222222223,0.8506111111111111,0.0756388888888889,0.0021388888888888846
smith,0.0828,0.8578666666666667,0.059333333333333335,0.00715333333333333
clerk,0.06225000000000001,0.83395,0.10375000000000001,0.074215
michael,0.29175,0.70825,0.0,-0.099675
sirhumphrey,0.12811764705882353,0.8395294117647057,0.03235294117647059,-0.09770588235294118
williamstafford,0.13442857142857143,0.7941428571428572,0.07142857142857142,-0.1110857142857143
say,0.08646153846153845,0.7733461538461539,0.1401923076923077,0.06320576923076922
scales,0.08481818181818182,0.8853636363636365,0.02981818181818182,-0.06754545454545455
firstcitizen,0.06485106382978724,0.7981276595744681,0.13703191489361705,0.09603510638297871
clifford,0.11131578947368416,0.8028612440191385,0.08583253588516744,-0.030864114832535868
iden,0.11421052631578947,0.8042105263157893,0.08159649122807017,-0.054468421052631576
edward,0.0836521739130435,0.8246521739130437,0.09168115942028984,0.02471521739130435
richard,0.11903645833333339,0.7948697916666667,0.08609375000000002,-0.050519270833333324
youngclifford,0.16084615384615386,0.7881346153846154,0.051057692307692304,-0.14433846153846155
montague,0.06589024390243901,0.8361463414634146,0.09796341463414633,0.05116951219512194
norfolk,0.07582608695652175,0.8123956521739132,0.11177826086956522,0.05197782608695653
princeedward,0.07801086956521738,0.8065543478260871,0.11543478260869565,0.05039239130434783
johnmortimer,0.0,1.0,0.0,0.0
rutland,0.17026923076923076,0.7591153846153846,0.07065384615384615,-0.15847692307692304
tutor,0.28375,0.6775,0.03875,-0.3378
prince,0.14543678160919538,0.7858275862068967,0.0687126436781609,-0.11967241379310344
george,0.10525,0.8002083333333333,0.09450000000000001,-0.008149999999999996
son,0.13306382978723405,0.7995957446808512,0.0673404255319149,-0.1043531914893617
father,0.11839285714285716,0.8437499999999999,0.03789285714285714,-0.11089285714285714
firstkeeper,0.0855,0.8824444444444445,0.03205555555555555,-0.0021333333333333295
secondkeeper,0.0758,0.8917999999999999,0.0324,-0.059533333333333334
kingedwardiv,0.06696473551637283,0.8116977329974812,0.1213476070528967,0.08262115869017633
clarence,0.11439147286821709,0.8033682170542634,0.08224806201550386,-0.04635116279069765
ladygrey,0.07377777777777778,0.6959722222222224,0.23024999999999998,0.2207194444444444
nobleman,0.28250000000000003,0.5735,0.144,-0.1822
kinglewisxi,0.03359722222222222,0.8442777777777777,0.12211111111111111,0.11480555555555558
oxford,0.06628571428571428,0.8106904761904762,0.1230238095238095,0.0900404761904762
bona,0.0443,0.8181999999999998,0.13749999999999998,0.13555999999999999
hastings,0.08258333333333333,0.7874111111111108,0.12999444444444444,0.06272
queenelizabeth,0.11974074074074076,0.7614135802469133,0.11883950617283948,-0.001931481481481474
firstwatchman,0.12189999999999998,0.8152249999999999,0.062875,-0.0747825
secondwatchman,0.052684210526315785,0.9105263157894737,0.03678947368421053,-0.02846315789473684
thirdwatchman,0.06808333333333333,0.8289166666666666,0.103,0.06864166666666666
rivers,0.10914285714285714,0.759603174603175,0.13123809523809526,0.0336904761904762
huntsman,0.1185,0.735,0.1465,0.009450000000000014
lieutenant,0.044000000000000004,0.8498666666666668,0.10613333333333334,0.06374666666666666
firstmessenger,0.0,1.0,0.0,0.0
secondmessenger,0.081,0.8672647058823529,0.05170588235294118,-0.031035294117647064
countess,0.06515436241610736,0.8070536912751677,0.12779194630872487,0.07886140939597314
bertram,0.0547298245614035,0.8243859649122804,0.12089122807017541,0.08794526315789475
lafeu,0.061052264808362386,0.804752613240418,0.13419512195121955,0.0923801393728223
helena,0.0849020408163265,0.7638040816326523,0.1512965986394558,0.0922199999999998
parolles,0.07499483204134362,0.8144186046511628,0.11058139534883715,0.04291111111111113
page,0.06486069651741294,0.8395970149253732,0.09554726368159205,0.04669651741293534
king,0.07510344827586209,0.7959975369458127,0.1289088669950739,0.08275098522167489
firstlord,0.07290801186943621,0.7966973293768549,0.13038278931750744,0.07212522255192881
secondlord,0.09169257950530035,0.7926996466431092,0.11561837455830389,0.03861731448763253
steward,0.11667441860465112,0.7379534883720932,0.14537209302325585,0.02825581395348839
clown,0.08767039800995015,0.8100733830845767,0.1022611940298508,0.021784825870646764
fourthlord,0.114625,0.83975,0.045625,-0.0526875
duke,0.05163481228668943,0.8251877133105802,0.12317747440273039,0.10009761092150171
widow,0.059246913580246904,0.8342962962962962,0.10645679012345681,0.04386666666666666
diana,0.09934640522875818,0.8040457516339871,0.09661437908496733,0.018830718954248385
mariana,0.08113541666666665,0.7961145833333335,0.12276041666666666,0.06858541666666666
secondsoldier,0.0,0.9207619047619047,0.07923809523809525,0.08992857142857143
gentleman,0.07338364779874214,0.8419245283018869,0.08470440251572325,0.01048553459119497
orlando,0.07897784810126582,0.803746835443038,0.11728481012658232,0.05140727848101266
adam,0.08546376811594203,0.7902173913043476,0.12431884057971017,0.05727826086956523
oliver,0.05164743589743589,0.8374679487179488,0.1108846153846154,0.07625705128205129
dennis,0.0,0.7566666666666667,0.24333333333333332,0.22546666666666668
celia,0.051106529209622,0.8016529209621992,0.14724398625429547,0.14140446735395176
rosalind,0.07490154711673701,0.7971420534458504,0.12795358649789026,0.08920281293952179
touchstone,0.0720944055944056,0.7930244755244755,0.1348881118881119,0.10258181818181816
lebeau,0.05343478260869565,0.7918478260869565,0.15471739130434783,0.15407608695652172
dukefrederick,0.07272727272727271,0.8593896103896104,0.06788311688311689,-0.0020000000000000052
dukesenior,0.0642857142857143,0.7863361344537814,0.1493949579831933,0.1152344537815126
amiens,0.06392500000000001,0.787725,0.14834999999999998,0.08903500000000002
corin,0.07421917808219178,0.7812739726027396,0.14447945205479457,0.10197808219178084
silvius,0.10698701298701298,0.7297662337662338,0.16328571428571426,0.06973636363636365
jaques,0.08464556962025314,0.7916413502109705,0.12371308016877638,0.06584303797468352
audrey,0.06205263157894737,0.664,0.27394736842105266,0.28054210526315787
sirolivermartext,0.027857142857142858,0.8881428571428572,0.08399999999999999,0.09524285714285716
phebe,0.07804395604395603,0.7915604395604395,0.1303956043956044,0.06893406593406595
alord,0.0,1.0,0.0,0.0
forester,0.11731578947368419,0.7858421052631579,0.0968421052631579,-0.07431578947368422
william,0.05292307692307692,0.6983076923076923,0.24876923076923077,0.21064615384615387
firstpage,0.17600000000000002,0.678,0.146,-0.10390000000000002
secondpage,0.0,0.8807272727272728,0.11927272727272728,0.15739999999999998
hymen,0.038870967741935485,0.746516129032258,0.21458064516129033,0.2221516129032258
jaquesdeboys,0.0,0.8981764705882352,0.1018235294117647,0.12981176470588238
philo,0.06538888888888889,0.8113888888888887,0.12322222222222222,0.0862611111111111
cleopatra,0.07506873315363878,0.812454177897573,0.11247708894878697,0.04303854447439354
markantony,0.07391262135922332,0.8160388349514565,0.11004207119741097,0.045918446601941706
attendant,0.036,0.8136666666666666,0.15033333333333335,0.07709999999999999
demetrius,0.08187692307692307,0.8069692307692307,0.11115769230769228,0.048331923076923085
charmian,0.06134482758620689,0.8164827586206896,0.12216379310344827,0.06048017241379311
alexas,0.01640625,0.84725,0.13634374999999999,0.12710312499999998
soothsayer,0.035148936170212766,0.857095744680851,0.1077659574468085,0.08271808510638297
domitiusenobarbus,0.07760880829015544,0.8232694300518133,0.09911917098445591,0.02797487046632125
iras,0.08892,0.7548000000000001,0.15624000000000002,0.070408
firstattendant,0.0,0.836,0.164,0.1468
secondattendant,0.0,1.0,0.0,0.0
octaviuscaesar,0.05922737306843266,0.8444701986754962,0.09629801324503309,0.04231059602649008
lepidus,0.0496883116883117,0.8104675324675326,0.13983116883116883,0.08305974025974026
mardian,0.1011578947368421,0.7121052631578948,0.18673684210526317,0.1502263157894737
pompey,0.054809061488673136,0.8148478964401296,0.1303430420711974,0.08734563106796114
menecrates,0.23933333333333331,0.5205000000000001,0.24016666666666667,0.043050000000000005
menas,0.04344444444444444,0.8758472222222221,0.08069444444444446,0.043419444444444455
varrius,0.0,0.92875,0.07125,0.0846
mecaenas,0.04241666666666667,0.7898888888888889,0.16766666666666669,0.16996944444444445
agrippa,0.05863076923076923,0.7596615384615384,0.18172307692307688,0.1393492307692308
octavia,0.06441666666666666,0.7398888888888889,0.19569444444444448,0.10381388888888889
attendants,0.0,1.0,0.0,0.0
firstservant,0.054,0.8433026315789471,0.1026973684210526,0.06853157894736843
secondservant,0.07773333333333335,0.7856666666666663,0.13660000000000003,0.07864666666666667
ventidius,0.07097619047619048,0.7503095238095238,0.17878571428571427,0.12551904761904759
silius,0.0,0.8449166666666666,0.15508333333333332,0.16774999999999998
eros,0.1282352941176471,0.7613921568627452,0.11037254901960782,-0.04743725490196078
canidius,0.04110344827586207,0.9375172413793105,0.021379310344827585,-0.02951724137931034
taurus,0.0,1.0,0.0,0.0
scarus,0.0817391304347826,0.8393478260869564,0.07889130434782608,-0.004610869565217387
dolabella,0.03923214285714286,0.8695178571428572,0.09126785714285714,0.05639642857142857
euphronius,0.02525,0.902,0.07275,0.05576249999999999
thyreus,0.02382352941176471,0.8862941176470588,0.08988235294117647,0.10204411764705883
thirdsoldier,0.05263157894736842,0.830421052631579,0.11694736842105263,0.07977894736842105
fourthsoldier,0.0,0.7445999999999999,0.2554,0.25968
firstguard,0.055842105263157894,0.9093157894736843,0.03484210526315789,-0.041426315789473686
secondguard,0.20275,0.79725,0.0,-0.16215
thirdguard,0.0,1.0,0.0,0.0
dercetas,0.07922727272727272,0.7879999999999999,0.13277272727272726,0.09368181818181819
diomedes,0.06870769230769232,0.8183384615384618,0.11296923076923077,0.05097230769230771
egyptian,0.10228571428571429,0.8977142857142857,0.0,-0.13364285714285715
proculeius,0.03319444444444444,0.772111111111111,0.19475000000000003,0.18069722222222223
gallus,0.0,0.9166000000000001,0.0834,0.10212000000000002
seleucus,0.0504,0.9496,0.0,-0.08038
guard,0.0,0.9359999999999999,0.064,0.0853
aegeon,0.09392666666666667,0.8073999999999998,0.09868,0.002034666666666673
dukesolinus,0.09803092783505153,0.8337422680412372,0.06822680412371135,-0.044245360824742244
gaoler,0.03742857142857143,0.836857142857143,0.12571428571428572,0.10106428571428572
firstmerchant,0.010947368421052631,0.9015263157894736,0.08752631578947369,0.09402105263157895
ofsyracuse,0.07978767123287674,0.8384006849315071,0.08180821917808222,0.007864383561643836
dromioofsyracuse,0.06937770897832816,0.8815913312693501,0.04903405572755419,-0.02838730650154798
dromioofephesus,0.052639175257731964,0.898154639175258,0.04921649484536082,-0.0023149484536082467
adriana,0.10669718309859154,0.8106584507042255,0.08265492957746477,-0.028996478873239452
luciana,0.08064406779661018,0.8259237288135594,0.0934237288135593,0.021128813559322033
ofephesus,0.089131221719457,0.8259004524886883,0.08496832579185523,0.00605158371040724
balthazar,0.05938709677419354,0.787451612903226,0.15316129032258066,0.10815483870967742
luce,0.04745454545454546,0.9270909090909091,0.025454545454545455,-0.020790909090909086
antipholus,0.16666666666666666,0.789,0.044333333333333336,-0.006383333333333334
angelo,0.08822425629290617,0.8069725400457665,0.1048032036613272,0.008279176201372992
secondmerchant,0.06536585365853659,0.863390243902439,0.07124390243902438,0.007221951219512197
courtezan,0.06811627906976744,0.826325581395349,0.10555813953488372,0.047209302325581404
pinch,0.06476470588235295,0.857764705882353,0.07741176470588236,0.0258764705882353
aemelia,0.13310666666666665,0.7977866666666668,0.06913333333333334,-0.08856933333333333
secondcitizen,0.11882812499999998,0.7732968749999999,0.10789062499999999,-0.0374234375
menenius,0.05725531914893617,0.8153273322422252,0.12742225859247142,0.0774062193126022
marcius,0.09791189427312777,0.8052995594713656,0.09677092511013219,-0.012099559471365642
firstsenator,0.08389270386266093,0.8114849785407726,0.10461373390557943,0.023985836909871255
cominius,0.07063486842105261,0.8240723684210526,0.10528947368421053,0.04720625000000002
titus,0.03746153846153846,0.8451923076923076,0.11734615384615385,0.10206153846153848
sicinius,0.0758204334365325,0.8164891640866877,0.10769349845201233,0.03696656346749226
brutus,0.0831531874405328,0.8164167459562321,0.10042911512844914,0.024267554709800215
aufidius,0.08598986486486487,0.8223918918918919,0.09161824324324323,0.015450675675675669
secondsenator,0.10063043478260869,0.8054239130434778,0.09394565217391303,-0.016451086956521744
volumnia,0.07621052631578949,0.8075603715170274,0.11622291021671834,0.04321052631578952
virgilia,0.11825714285714287,0.6848857142857144,0.19685714285714284,0.07220571428571429
gentlewoman,0.013392857142857142,0.9117142857142859,0.07489285714285714,0.05722857142857142
valeria,0.025818181818181817,0.8482045454545454,0.12597727272727274,0.12632272727272725
lartius,0.08816666666666668,0.839030303030303,0.0728030303030303,-0.05401666666666667
firstroman,0.0,1.0,0.0,0.0
secondroman,0.0,1.0,0.0,0.0
thirdroman,0.0,1.0,0.0,0.0
coriolanus,0.0771659693165969,0.8190613668061362,0.10377266387726639,0.0287528591352859
firstofficer,0.07902941176470588,0.7881470588235292,0.1328235294117647,0.06102058823529413
secondofficer,0.07292000000000001,0.7736799999999999,0.15339999999999995,0.126996
senators,0.0,0.6955,0.3045,0.41565
thirdcitizen,0.050310344827586194,0.8315689655172412,0.11812068965517242,0.07932155172413793
fourthcitizen,0.09318518518518516,0.8167407407407409,0.0901111111111111,-0.036444444444444446
fifthcitizen,0.0,0.7835,0.2165,0.36345
bothcitizens,0.0,0.7975,0.2025,0.31195
sixthcitizen,0.1155,0.8845000000000001,0.0,-0.20115
seventhcitizen,0.0,0.5934999999999999,0.4065,0.66795
allcitizens,0.0,0.659,0.341,0.41105
citizens,0.10626470588235293,0.7820882352941175,0.11164705882352942,0.0015294117647058805
aedile,0.107125,0.680875,0.21200000000000002,0.005874999999999991
apatrician,0.0,1.0,0.0,0.0
secondpatrician,0.0,1.0,0.0,0.0
bothtribunes,0.0,0.7278,0.2722,0.17198
roman,0.062218749999999996,0.8357187499999997,0.10203125,0.063409375
volsce,0.07025,0.7556,0.17415,0.18428500000000003
citizen,0.0,1.0,0.0,0.0
firstservingman,0.09064705882352941,0.828735294117647,0.08061764705882353,-0.019302941176470582
secondservingman,0.027775000000000005,0.8691250000000001,0.10310000000000001,0.10776000000000001
thirdservingman,0.0719183673469388,0.8733265306122449,0.05477551020408163,-0.013234693877551029
youngmarcius,0.137,0.863,0.0,-0.26335
firstconspirator,0.059375,0.879375,0.06125,0.016200000000000006
secondconspirator,0.13899999999999998,0.5595714285714285,0.30157142857142855,0.18642857142857142
thirdconspirator,0.10408333333333335,0.8681666666666666,0.02775,-0.08272499999999999
allthelords,0.0,0.548,0.452,0.5095
lords,0.03869230769230769,0.7671538461538461,0.19415384615384615,0.1604153846153846
allconspirators,0.615,0.385,0.0,-0.7565333333333334
allthepeople,0.3066666666666667,0.6933333333333334,0.0,-0.447
thirdlord,0.012764705882352942,0.9356470588235295,0.05158823529411765,0.049352941176470586
queen,0.07651465798045605,0.8074625407166127,0.11602605863192182,0.04509641693811074
posthumusleonatus,0.10410752688172041,0.7870473118279566,0.10883440860215055,-5.956989247311829e-05
imogen,0.09495911949685532,0.7912814465408804,0.11218238993710695,0.025419025157232735
cymbeline,0.07751886792452833,0.8245377358490565,0.09794025157232704,0.03291006289308176
pisanio,0.07381856540084387,0.8156793248945148,0.11050210970464132,0.038192405063291156
cloten,0.09599307958477507,0.8138200692041523,0.09017647058823529,0.01586193771626297
lady,0.0491,0.8501,0.1008,0.08031
iachimo,0.05257142857142857,0.8026916099773239,0.14474603174603165,0.12730453514739223
philario,0.056369565217391296,0.8224347826086958,0.12119565217391307,0.06269130434782609
frenchman,0.07877272727272727,0.7881363636363635,0.13309090909090907,0.10535
firstlady,0.0,0.8338333333333333,0.16616666666666666,0.19271666666666668
cornelius,0.15355263157894739,0.772776315789474,0.0736842105263158,-0.11004605263157895
caiuslucius,0.08836036036036038,0.7664774774774775,0.14518918918918922,0.05856486486486486
belarius,0.08758516483516482,0.8207527472527473,0.09167307692307697,0.010200824175824174
guiderius,0.11291666666666664,0.7869464285714287,0.10014285714285716,-0.01326488095238095
arviragus,0.07884313725490195,0.8025098039215686,0.11866013071895426,0.038407843137254906
firsttribune,0.0,1.0,0.0,0.0
lord,0.04951111111111112,0.8161777777777774,0.13431555555555555,0.12174222222222221
firstcaptain,0.0,0.8492500000000001,0.15075,0.205525
secondcaptain,0.0524,0.9320999999999999,0.0155,-0.04848000000000001
secondgaoler,0.0,1.0,0.0,0.0
siciliusleonatus,0.10492682926829268,0.77190243902439,0.12319512195121951,0.044634146341463406
mother,0.14808333333333334,0.7193333333333335,0.13258333333333333,-0.01680833333333333
firstbrother,0.0,0.8104999999999999,0.1895,0.20584166666666667
secondbrother,0.0,0.7926666666666667,0.20733333333333334,0.22345555555555555
jupiter,0.11286363636363637,0.7460454545454546,0.1410909090909091,0.06274090909090911
bernardo,0.0708974358974359,0.861974358974359,0.06712820512820511,-0.004941025641025643
francisco,0.06730434782608696,0.8005217391304346,0.13217391304347825,0.09495217391304347
horatio,0.07602970297029704,0.8344059405940596,0.08956765676567659,0.005139603960396037
marcellus,0.09159420289855073,0.8215217391304348,0.0868695652173913,0.001514492753623189
kingclaudius,0.08100168350168352,0.8168333333333323,0.1021700336700337,0.0260479797979798
voltimand,0.024913043478260868,0.8346521739130435,0.14043478260869566,0.12372173913043479
laertes,0.09978240740740739,0.784194444444445,0.11602777777777777,0.021339351851851835
lordpolonius,0.06606486486486485,0.8222675675675674,0.11166216216216218,0.05987486486486486
hamlet,0.08456194690265494,0.8076820480404556,0.10776359039190885,0.03224140328697847
queengertrude,0.09840963855421686,0.7952771084337349,0.10631927710843372,0.017863855421686753
ophelia,0.06075401069518716,0.813903743315508,0.1253582887700535,0.08849197860962568
ghost,0.10686868686868685,0.8109999999999998,0.08211111111111111,-0.008194949494949495
reynaldo,0.0,0.8136666666666665,0.18633333333333335,0.16874666666666668
rosencrantz,0.06122916666666667,0.8268333333333334,0.11192708333333334,0.05067083333333334
guildenstern,0.039090909090909086,0.8388181818181819,0.12209090909090907,0.11938727272727273
firstplayer,0.08126923076923077,0.8598846153846154,0.05884615384615385,-0.03412115384615385
prologue,0.094475,0.7736750000000002,0.13187500000000002,0.05452000000000001
playerking,0.13524444444444444,0.7273333333333336,0.13737777777777777,0.02073777777777778
playerqueen,0.14745161290322584,0.700774193548387,0.1517741935483871,0.05067419354838711
lucianus,0.2237142857142857,0.6798571428571428,0.09642857142857143,-0.1636
princefortinbras,0.07560606060606061,0.8806969696969695,0.043727272727272726,-0.060733333333333334
danes,0.10575,0.89425,0.0,-0.074
firstsailor,0.05392857142857144,0.7776428571428572,0.16842857142857143,0.11752142857142857
firstclown,0.10376767676767676,0.8366565656565658,0.05957575757575757,-0.07652424242424241
secondclown,0.012894736842105263,0.944,0.04310526315789474,0.04201052631578948
firstpriest,0.10123076923076924,0.8405384615384615,0.05823076923076923,-0.03979230769230769
osric,0.008291666666666668,0.89175,0.09995833333333333,0.13337291666666667
firstambassador,0.05978260869565216,0.8404782608695652,0.09973913043478261,0.06699565217391304
chorus,0.0680307167235495,0.8240443686006824,0.10792491467576791,0.0597962457337884
canterbury,0.05399103139013455,0.843964125560538,0.10205381165919282,0.06539865470852016
ely,0.062200000000000005,0.8537333333333333,0.08406666666666666,0.03396000000000001
kinghenryv,0.07969152854511971,0.8028287292817678,0.11747421731123384,0.047415377532228346
nym,0.05793589743589743,0.7746666666666667,0.1673846153846154,0.16711025641025637
pistol,0.09762499999999999,0.8223534482758624,0.08002155172413794,-0.029055172413793105
scroop,0.0766923076923077,0.7361538461538462,0.18715384615384614,0.1392846153846154
cambridge,0.09040000000000001,0.7364666666666667,0.17313333333333333,0.11008666666666667
grey,0.13354545454545455,0.6891363636363637,0.1774090909090909,0.06561818181818183
kingoffrance,0.060148760330578505,0.8357024793388432,0.10415702479338843,0.07207355371900825
dauphin,0.08280672268907564,0.8361176470588235,0.08107563025210085,-0.0017630252100840382
constable,0.07139495798319327,0.8427226890756302,0.085890756302521,0.024083193277310913
fluellen,0.06726262626262623,0.8208484848484855,0.1118855218855219,0.06411582491582492
gower,0.07515447154471544,0.8411598915989162,0.08367750677506777,0.016834959349593497
jamy,0.1370833333333333,0.8629166666666667,0.0,-0.130825
macmorris,0.16629999999999998,0.7321000000000001,0.10164999999999999,-0.10795999999999999
governor,0.06914285714285714,0.7768571428571428,0.154,0.1275285714285714
katharine,0.07743913043478262,0.7815086956521742,0.14105217391304345,0.08723913043478264
alice,0.0,0.9457037037037037,0.0542962962962963,0.05654814814814815
bourbon,0.13685714285714287,0.7873333333333333,0.07576190476190477,-0.08850952380952382
montjoy,0.11849090909090908,0.7945090909090906,0.08701818181818181,-0.06899999999999999
orleans,0.07177777777777779,0.8373555555555556,0.09086666666666665,0.02175777777777779
rambures,0.08522222222222224,0.8494444444444444,0.06533333333333333,-0.04838888888888889
erpingham,0.03333333333333333,0.7578888888888888,0.20877777777777778,0.20777777777777778
court,0.0,1.0,0.0,0.0
bates,0.10947058823529411,0.7825294117647058,0.10811764705882354,0.03392941176470588
williams,0.11879452054794519,0.8020821917808215,0.0790958904109589,-0.056643835616438355
grandpre,0.1322777777777778,0.8358333333333332,0.03188888888888889,-0.13810555555555556
frenchsoldier,0.0,0.9636,0.0364,0.04670666666666666
queenisabel,0.06216,0.73792,0.19988,0.22359199999999999
frenchking,0.08813333333333334,0.7552666666666668,0.15653333333333333,0.06345333333333333
abergavenny,0.08294444444444443,0.8206111111111111,0.09644444444444444,0.03158333333333333
cardinalwolsey,0.06953947368421053,0.7647390350877193,0.1657236842105263,0.11441688596491222
firstsecretary,0.0,0.40900000000000003,0.591,0.50265
brandon,0.03766666666666666,0.9008,0.061533333333333336,0.09745333333333332
kinghenryviii,0.05450191570881227,0.8121915708812251,0.13330651340996166,0.1049145593869731
queenkatharine,0.09111188811188813,0.7778741258741259,0.13103146853146852,0.0573346153846154
surveyor,0.06960655737704917,0.877327868852459,0.053065573770491814,-0.016221311475409828
sands,0.06768518518518518,0.7848518518518519,0.1474074074074074,0.08862777777777778
lovell,0.049169014084507044,0.8077605633802817,0.1430704225352113,0.10906760563380283
guildford,0.02,0.6901999999999999,0.2898,0.37267
anne,0.09566129032258067,0.7671290322580646,0.13720967741935483,0.055419354838709675
cardinalcampeius,0.11411320754716979,0.7044905660377357,0.18143396226415098,0.09443584905660381
gardiner,0.06548387096774193,0.7879032258064512,0.14662365591397852,0.10198279569892475
oldlady,0.05877777777777778,0.8516388888888888,0.08958333333333332,0.0625736111111111
scribe,0.0,1.0,0.0,0.0
crier,0.02025,0.97975,0.0,-0.074
griffith,0.08166666666666668,0.7396833333333335,0.17864999999999995,0.12277500000000002
lincoln,0.078,0.7797499999999999,0.142375,0.016412499999999997
surrey,0.06798809523809524,0.7972619047619047,0.13476190476190478,0.07940238095238096
cromwell,0.07193999999999999,0.7833199999999999,0.14476000000000003,0.07413
thirdgentleman,0.07787234042553191,0.8171134751773049,0.1050141843971631,0.04789503546099292
patience,0.086,0.71875,0.19524999999999998,0.148975
capucius,0.06872727272727273,0.691,0.24027272727272725,0.12036363636363637
denny,0.0,0.8054,0.1946,0.20246
cranmer,0.054971223021582735,0.7342733812949643,0.21075539568345322,0.21852733812949643
keeper,0.0752142857142857,0.7293571428571429,0.19542857142857142,0.13241428571428573
doctorbutts,0.0,0.8661,0.1339,0.19843
chancellor,0.054093749999999996,0.8217500000000003,0.12415625000000001,0.095540625
man,0.06307142857142857,0.851809523809524,0.08514285714285715,0.032823809523809526
garter,0.0,0.752,0.248,0.35685
kingjohn,0.09696801705756924,0.7948464818763327,0.10819402985074628,0.02508763326226012
chatillon,0.09259523809523809,0.8312857142857145,0.07609523809523809,-0.0017738095238095267
queenelinor,0.08953703703703704,0.8091851851851852,0.1012777777777778,0.029368518518518516
essex,0.0,1.0,0.0,0.0
bastard,0.09347670250896059,0.793442652329749,0.113084229390681,0.023736200716845873
robert,0.0375,0.8966363636363636,0.06586363636363636,0.037954545454545456
ladyfaulconbridge,0.0818,0.7977333333333333,0.12053333333333333,0.08189333333333335
gurney,0.15,0.125,0.725,0.6808
lewis,0.07623493975903614,0.7757771084337347,0.1479879518072289,0.09978012048192769
arthur,0.12030894308943092,0.7470162601626015,0.13267479674796748,0.01303983739837398
austria,0.09405714285714285,0.7096857142857141,0.19625714285714282,0.10098857142857141
constance,0.13685501858736063,0.7428698884758367,0.12027137546468403,-0.026766171003717473
kingphilip,0.08330808080808082,0.7702373737373737,0.14646969696969692,0.08600303030303029
blanch,0.08092857142857143,0.7838095238095238,0.13526190476190475,0.09792619047619044
frenchherald,0.06338461538461539,0.8509230769230769,0.08576923076923076,0.04903076923076924
englishherald,0.054769230769230764,0.8813846153846152,0.06384615384615386,0.014461538461538467
cardinalpandulph,0.09778181818181818,0.7662848484848482,0.13593939393939397,0.05168424242424243
elinor,0.0,0.471,0.529,0.49075
hubert,0.1046466666666667,0.7958600000000002,0.09950666666666667,-0.012320666666666664
firstexecutioner,0.0,0.7216666666666667,0.2783333333333333,0.4122666666666667
pembroke,0.14171951219512197,0.7830121951219512,0.07526829268292684,-0.09781585365853662
bigot,0.13440000000000002,0.7887,0.0769,-0.02188
melun,0.08502564102564102,0.79,0.12494871794871795,0.06195384615384615
flavius,0.07848543689320392,0.7928155339805826,0.12868608414239482,0.06816893203883495
firstcommoner,0.0,1.0,0.0,0.0
marullus,0.04380645161290323,0.8615483870967744,0.09464516129032258,0.09068709677419355
secondcommoner,0.050187499999999996,0.7801875,0.169625,0.16271249999999998
caesar,0.09238194444444445,0.8225555555555554,0.08506944444444446,-0.009027083333333323
casca,0.07787591240875913,0.8324379562043799,0.08967883211678833,0.01675328467153285
calpurnia,0.18948148148148147,0.7799999999999999,0.030555555555555555,-0.2080851851851852
antony,0.09611403508771929,0.7909327485380114,0.11295321637426899,0.018845321637426905
cassius,0.08484936479128857,0.8175626134301267,0.097589836660617,0.018660072595281314
cicero,0.030555555555555558,0.8283333333333334,0.1411111111111111,0.15866666666666665
cinna,0.11361111111111111,0.7409444444444444,0.14544444444444443,0.056977777777777766
lucius,0.09013571428571425,0.788025,0.12183928571428572,0.03892071428571428
deciusbrutus,0.032340909090909094,0.7893409090909089,0.17829545454545453,0.1791977272727273
metelluscimber,0.03533333333333333,0.8491666666666666,0.11555555555555556,0.12929444444444446
trebonius,0.17263636363636364,0.6835454545454546,0.14372727272727273,0.017681818181818174
portia,0.06151768033946252,0.8271669024045258,0.11131541725601138,0.0696193776520509
ligarius,0.06186666666666666,0.7532,0.185,0.16604666666666665
publius,0.053,0.7961764705882352,0.15088235294117647,0.10434117647058826
artemidorus,0.047499999999999994,0.8367727272727272,0.11568181818181818,0.10147272727272728
popilius,0.0,0.7123333333333334,0.2876666666666667,0.22503333333333334
severalcitizens,0.0,1.0,0.0,0.0
cinnathepoet,0.03813333333333334,0.7881333333333334,0.17373333333333332,0.11561333333333333
octavius,0.06905263157894738,0.8333333333333334,0.09763157894736842,0.025312280701754394
lucilius,0.07536363636363637,0.723766233766234,0.20088311688311686,0.1728883116883117
pindarus,0.0,0.8873000000000001,0.1127,0.147155
poet,0.04163716814159292,0.8157787610619469,0.14258407079646018,0.13047787610619468
messala,0.1287948717948718,0.7826666666666666,0.08856410256410256,-0.01860256410256411
varro,0.08875,0.80125,0.11,0.11162500000000002
claudius,0.0,1.0,0.0,0.0
titinius,0.10191666666666666,0.8497777777777777,0.04830555555555555,-0.03604444444444445
cato,0.07325000000000001,0.74875,0.177875,0.078825
clitus,0.157,0.8184000000000001,0.0246,-0.17559
dardanius,0.14633333333333334,0.8536666666666667,0.0,-0.23026666666666665
volumnius,0.0,0.9215,0.0785,0.123475
strato,0.099,0.765,0.13599999999999998,0.048928571428571425
kent,0.08544949494949497,0.8129696969696968,0.10158333333333337,0.02590101010101012
edmund,0.07947230320699711,0.8135014577259474,0.1070262390670554,0.038135568513119535
kinglear,0.0980774032459426,0.810719101123596,0.09120973782771535,-0.0076777777777777695
goneril,0.08547272727272728,0.8303090909090908,0.08422272727272728,0.0038027272727272753
cordelia,0.08980645161290322,0.7578951612903227,0.1522903225806452,0.07410725806451615
lear,0.0,0.9375,0.0625,0.0929
regan,0.07864646464646463,0.824237373737374,0.09711111111111113,0.02791969696969697
cornwall,0.0794251968503937,0.8292834645669289,0.09129921259842519,0.010882677165354326
edgar,0.11099527186761231,0.8024184397163122,0.08658628841607563,-0.03959148936170213
oswald,0.06671951219512194,0.805829268292683,0.12747560975609756,0.04299146341463414
knight,0.13564285714285715,0.7813571428571429,0.08299999999999999,-0.00584285714285715
fool,0.08591851851851857,0.8305148148148154,0.08358148148148146,0.002108888888888887
albany,0.09296256684491978,0.8270962566844922,0.07993582887700534,-0.0263807486631016
curan,0.11499999999999999,0.8661,0.0189,-0.0829
thirdservant,0.10419354838709677,0.8352580645161288,0.06054838709677419,-0.05996129032258064
oldman,0.07733333333333334,0.8567037037037036,0.06592592592592593,-0.0024555555555555515
doctor,0.06739393939393938,0.816378787878788,0.11624242424242422,0.05760151515151515
ferdinand,0.07481761006289306,0.7900859538784066,0.13509014675052416,0.08308993710691821
longaville,0.088125,0.7981805555555556,0.11368055555555553,0.02936527777777777
dumain,0.07345833333333333,0.7618854166666668,0.16466666666666668,0.09358020833333336
biron,0.0774729520865533,0.7968423493044814,0.1256908809891809,0.07395193199381761
dull,0.07138709677419355,0.851774193548387,0.07683870967741936,0.02640967741935483
costard,0.051760180995475094,0.845461538461539,0.1027873303167421,0.08534841628959282
adrianodearmado,0.05894718309859156,0.7842640845070424,0.1567922535211268,0.13687887323943654
moth,0.050864734299516906,0.8636425120772951,0.08549275362318841,0.05536280193236715
armado,0.0,0.385,0.615,0.4939
jaquenetta,0.02090909090909091,0.8230454545454545,0.15604545454545454,0.15990454545454547
boyet,0.04725999999999999,0.8334400000000002,0.11930800000000001,0.10114280000000005
princess,0.07861279461279458,0.754939393939394,0.1664444444444445,0.12917441077441072
maria,0.07557291666666666,0.8158645833333331,0.10856250000000005,0.050009895833333345
rosaline,0.07544508670520234,0.8152658959537572,0.10930057803468211,0.049444508670520214
sirnathaniel,0.04725,0.7747205882352941,0.1780588235294118,0.1769205882352941
holofernes,0.06491237113402061,0.8508092783505155,0.08428350515463919,0.028803092783505152
mercade,0.0445,0.77125,0.18425,0.1507
firstwitch,0.029058823529411762,0.8758088235294117,0.09513235294117646,0.05797352941176471
secondwitch,0.12489655172413792,0.7441034482758621,0.131,0.026827586206896563
thirdwitch,0.013,0.933037037037037,0.05396296296296296,0.004429629629629633
duncan,0.051560975609756095,0.7841219512195122,0.16431707317073174,0.13825487804878053
malcolm,0.09596444444444442,0.7504088888888891,0.15363111111111116,0.06961999999999997
lennox,0.10708860759493671,0.7925696202531647,0.10034177215189874,-0.024758227848101257
ross,0.12038686131386865,0.7522554744525545,0.1273503649635036,0.0016788321167883165
macbeth,0.09049553001277136,0.8182656449553,0.09124010217113662,0.005264878671775223
banquo,0.07682644628099175,0.7962561983471074,0.12690082644628098,0.0603834710743802
angus,0.10823809523809524,0.8259523809523811,0.06580952380952382,-0.06727619047619046
ladymacbeth,0.09039068100358423,0.8124229390681001,0.09718279569892474,0.017387455197132622
fleance,0.0,1.0,0.0,0.0
macduff,0.08225906735751295,0.8258704663212433,0.09187046632124353,0.01912124352331606
donalbain,0.1016,0.8445999999999998,0.0538,0.012879999999999992
bothmurderers,0.0,0.5595,0.4405,0.29969999999999997
thirdmurderer,0.028875,0.971125,0.0,-0.016
hecate,0.10651162790697674,0.7933023255813952,0.10016279069767443,0.005104651162790702
firstapparition,0.0,1.0,0.0,0.0
secondapparition,0.19340000000000002,0.7083999999999999,0.0982,-0.028080000000000004
thirdapparition,0.029333333333333333,0.819,0.15166666666666667,0.2083
ladymacduff,0.16560465116279072,0.7474418604651163,0.0869767441860465,-0.09383023255813953
menteith,0.1605,0.7511666666666666,0.08833333333333333,-0.08083333333333333
caithness,0.102,0.7477272727272727,0.15027272727272728,0.042563636363636366
seyton,0.11666666666666665,0.7278333333333333,0.15533333333333332,0.01786666666666668
siward,0.0964054054054054,0.7998648648648649,0.10370270270270272,0.019135135135135133
soldiers,0.0,1.0,0.0,0.0
youngsiward,0.2945,0.7055,0.0,-0.3857875
dukevincentio,0.0781826182618262,0.8063443344334434,0.11546974697469752,0.054128052805280505
escalus,0.07443781094527364,0.8218855721393031,0.10368159203980101,0.04133184079601991
lucio,0.07067628205128205,0.8318942307692311,0.09742948717948717,0.035439102564102556
mistressoverdone,0.07336666666666666,0.8514999999999999,0.07513333333333333,-0.027096666666666665
claudio,0.08984057971014492,0.7492584541062799,0.1608985507246377,0.09981618357487913
provost,0.09884065934065935,0.770598901098901,0.13056043956043956,0.024643406593406594
friarthomas,0.047499999999999994,0.6478333333333334,0.3046666666666667,0.23888333333333334
isabella,0.10207551487414189,0.7597528604118993,0.13816475972540043,0.03793935926773457
francisca,0.0,0.9356,0.0644,0.07586
elbow,0.09361764705882353,0.7731470588235294,0.13322058823529412,0.051439705882352964
froth,0.0944,0.7573000000000001,0.14830000000000002,0.1325
pomphey,0.254,0.746,0.0,-0.23835
justice,0.15466666666666667,0.66,0.18533333333333335,-0.00686666666666665
juliet,0.09950510204081638,0.7757227891156457,0.12478061224489795,0.03348758503401367
abhorson,0.10757142857142857,0.8413809523809525,0.05095238095238096,-0.07041904761904763
barnardine,0.04073333333333333,0.9166000000000001,0.042666666666666665,0.008
friarpeter,0.055952380952380955,0.8401904761904762,0.10385714285714286,0.07376666666666666
antonio,0.08194414414414412,0.8093675675675674,0.10870090090090088,0.03130558558558559
salarino,0.053,0.8330446428571433,0.11395535714285711,0.08647767857142856
salanio,0.14936206896551724,0.7335689655172412,0.11708620689655173,-0.019184482758620686
bassanio,0.06657803468208091,0.7824682080924849,0.150921965317919,0.11621589595375717
lorenzo,0.0447461139896373,0.8069067357512957,0.14835233160621764,0.14613989637305705
gratiano,0.05916289592760182,0.8102036199095021,0.13061990950226246,0.09196063348416286
nerissa,0.04875789473684211,0.8435684210526316,0.10767368421052631,0.09184842105263165
shylock,0.08201648351648351,0.8254423076923078,0.09254395604395603,0.0020497252747252773
morocco,0.08979629629629628,0.8080185185185186,0.10218518518518518,0.028385185185185173
launcelot,0.0423050847457627,0.8439887005649718,0.11372316384180796,0.09578022598870052
gobbo,0.07324324324324324,0.785054054054054,0.14170270270270272,0.0855081081081081
leonardo,0.0,0.897,0.103,0.159225
jessica,0.07312121212121211,0.8045656565656563,0.12231313131313129,0.06583535353535355
arragon,0.058014705882352934,0.8264558823529411,0.11552941176470588,0.08960882352941175
tubal,0.045500000000000006,0.8905,0.064,0.026183333333333336
salerio,0.07080769230769232,0.823269230769231,0.10592307692307693,0.09553076923076925
balthasar,0.11123809523809522,0.7942698412698415,0.09447619047619049,-0.02313968253968254
stephano,0.05453846153846153,0.8410384615384612,0.10442307692307694,0.0653846153846154
shallow,0.04767241379310345,0.8134913793103445,0.13884482758620684,0.12565862068965516
slender,0.049533333333333325,0.8392933333333332,0.11118000000000001,0.08034533333333335
sirhughevans,0.056532520325203256,0.839959349593496,0.10350813008130087,0.0686910569105691
simple,0.04488235294117647,0.854921568627451,0.10019607843137254,0.07236274509803922
annepage,0.07780645161290323,0.7581290322580646,0.16409677419354837,0.09050967741935483
host,0.07327564102564103,0.8159615384615385,0.11076282051282053,0.038868589743589754
mistressquickly,0.04332384341637011,0.8218932384341638,0.13477935943060496,0.1218046263345195
rugby,0.092,0.8347272727272727,0.07327272727272728,0.0007545454545454573
doctorcaius,0.06358095238095238,0.880657142857143,0.055761904761904756,-0.018437142857142853
fenton,0.03192929292929293,0.8192222222222223,0.14885858585858588,0.1736616161616162
mistresspage,0.0696517857142857,0.8266726190476187,0.10366964285714284,0.05546130952380954
mistressford,0.0852972972972973,0.8214756756756757,0.09323243243243248,0.01893783783783785
ford,0.06273939393939396,0.8299848484848482,0.10728484848484846,0.059865151515151586
robin,0.021,0.8884615384615385,0.09053846153846154,0.06476153846153845
williampage,0.0,1.0,0.0,0.0
theseus,0.08228968253968258,0.7835912698412693,0.1341230158730159,0.07300396825396828
hippolyta,0.045714285714285714,0.7493714285714286,0.20494285714285718,0.18855428571428573
egeus,0.05411904761904762,0.8227619047619047,0.12311904761904764,0.0924904761904762
hermia,0.1018275862068966,0.7655977011494253,0.13258045977011493,0.03201781609195403
lysander,0.08008648648648649,0.7846486486486486,0.13528648648648653,0.08091675675675676
quince,0.04081395348837209,0.8504302325581395,0.1087558139534884,0.09121627906976745
bottom,0.05845909090909094,0.8170545454545453,0.12447727272727276,0.09756045454545455
flute,0.03465384615384615,0.8333076923076924,0.1321153846153846,0.15448076923076923
starveling,0.2056,0.7332,0.061399999999999996,-0.25366
snout,0.07371428571428572,0.8727142857142857,0.05357142857142857,0.013142857142857138
snug,0.0,0.9660000000000001,0.033999999999999996,0.05303333333333333
puck,0.07056779661016953,0.851919491525424,0.07751694915254233,0.00936694915254237
fairy,0.04642424242424242,0.9002727272727271,0.0533030303030303,0.01823333333333333
oberon,0.0538119658119658,0.8325683760683762,0.11361538461538462,0.07944871794871795
titania,0.06424418604651165,0.8425872093023257,0.09316279069767444,0.032263372093023254
peaseblossom,0.0,0.34650000000000003,0.6535,0.21837499999999999
cobweb,0.0,0.5,0.5,0.128075
mustardseed,0.0,0.6,0.4,0.10246
hernia,0.0,1.0,0.0,0.0
philostrate,0.07496,0.7730800000000001,0.152,0.09056800000000001
wall,0.04707692307692308,0.8871538461538463,0.06576923076923077,0.022853846153846148
pyramus,0.13542622950819672,0.7194098360655736,0.14514754098360655,0.03109508196721309
thisbe,0.10654054054054055,0.7638108108108108,0.12967567567567567,0.03188108108108108
lion,0.10739999999999998,0.8412,0.0514,-0.09802999999999999
moonshine,0.0,1.0,0.0,0.0
leonato,0.0860408163265306,0.7943236151603498,0.1196530612244898,0.05117667638483968
beatrice,0.11567148014440437,0.7433249097472928,0.14100722021660655,0.05513718411552349
hero,0.08369565217391306,0.7665289855072462,0.1497753623188406,0.07386449275362317
donpedro,0.061492354740061185,0.7857584097859327,0.15275229357798162,0.13696391437308855
benedick,0.08203870967741936,0.7822559139784947,0.13570967741935488,0.08711999999999995
donjohn,0.06117241379310344,0.8357586206896552,0.1030603448275862,0.07713620689655172
conrade,0.06178378378378378,0.8649729729729729,0.07324324324324324,0.023586486486486473
borachio,0.07185826771653543,0.8194409448818897,0.10870078740157481,0.05224173228346462
ursula,0.058367346938775516,0.799591836734694,0.14204081632653062,0.09340408163265305
dogberry,0.06254838709677418,0.7940967741935487,0.14335483870967744,0.0979247311827957
verges,0.032615384615384616,0.8480000000000001,0.1193846153846154,0.08509615384615385
watchman,0.07959999999999999,0.8145333333333333,0.10593333333333334,-0.04580666666666667
friarfrancis,0.10665882352941178,0.7890235294117647,0.10431764705882351,-0.001998823529411751
sexton,0.09637499999999999,0.8873125000000001,0.0163125,-0.10595625
roderigo,0.08222881355932203,0.8005677966101696,0.1172033898305085,0.031655932203389824
iago,0.08474074074074071,0.8042928509905252,0.1109672695951766,0.03896149870801025
brabantio,0.10402027027027025,0.8000608108108107,0.09591891891891895,-0.01635878378378377
othello,0.09073599137931042,0.7832984913793101,0.12596659482758615,0.04591616379310342
cassio,0.08060064935064935,0.7622175324675329,0.1571818181818181,0.09178603896103893
dukeofvenice,0.10400000000000002,0.7718767123287669,0.12412328767123287,0.008795890410958908
sailor,0.0,1.0,0.0,0.0
senator,0.08536585365853658,0.8317317073170731,0.08290243902439026,0.01999512195121952
desdemona,0.08434653465346532,0.7785321782178215,0.13711386138613857,0.06790470297029705
montano,0.10395454545454547,0.774090909090909,0.12195454545454544,0.029306060606060617
fourthgentleman,0.23249999999999998,0.7675,0.0,-0.3639
secondgentlemen,0.0,0.599,0.401,0.41895000000000004
emilia,0.10337728937728939,0.7698241758241765,0.12679853479853484,0.026830402930402935
firstmusician,0.07813333333333333,0.8592,0.06266666666666666,0.04901333333333334
bianca,0.07659292035398231,0.8098407079646016,0.11357522123893805,0.050818584070796466
lodovico,0.10925954198473284,0.8074274809160306,0.0833053435114504,-0.03578702290076337
antiochus,0.07407792207792208,0.8299870129870129,0.09593506493506494,0.020449350649350637
pericles,0.07778759689922483,0.7806635658914731,0.14154108527131784,0.08684852713178287
daughter,0.0,0.5525,0.4475,0.6449499999999999
thaliard,0.03528571428571429,0.8902857142857145,0.07446428571428572,0.032478571428571426
helicanus,0.0951203007518797,0.7873458646616542,0.11751127819548875,0.039116541353383466
cleon,0.10277678571428571,0.765705357142857,0.13149107142857142,0.032879464285714276
dionyza,0.08791304347826086,0.7934347826086956,0.11866304347826087,0.045302173913043475
firstfisherman,0.05384615384615385,0.8256666666666667,0.1205128205128205,0.08936153846153845
secondfisherman,0.02979310344827586,0.8285517241379311,0.14168965517241383,0.16950689655172416
thirdfisherman,0.029222222222222222,0.9280555555555554,0.042722222222222224,0.012627777777777774
simonides,0.049370786516853934,0.8129044943820226,0.13773033707865168,0.12434494382022475
thaisa,0.05040000000000001,0.8485444444444443,0.10105555555555558,0.061577777777777794
knights,0.0,0.6493333333333333,0.3506666666666667,0.363
marshal,0.0,1.0,0.0,0.0
firstknight,0.078,0.6297499999999999,0.29225,0.273725
escanes,0.17033333333333334,0.6273333333333334,0.20233333333333334,0.06793333333333333
secondknight,0.0,1.0,0.0,0.0
thirdknight,0.0,1.0,0.0,0.0
lychorida,0.13,0.7348181818181818,0.13518181818181818,-0.006027272727272725
secondsailor,0.0,0.7781666666666668,0.22183333333333333,0.21276666666666666
cerimon,0.05169166666666667,0.8406333333333332,0.10766666666666666,0.05904500000000001
philemon,0.0,1.0,0.0,0.0
leonine,0.050333333333333334,0.8698666666666668,0.07980000000000001,0.0363
marina,0.08224338624338626,0.8174867724867726,0.10028042328042332,0.02992486772486773
firstpirate,0.37633333333333335,0.6236666666666667,0.0,-0.31983333333333336
secondpirate,0.0,0.0,1.0,0.8011
thirdpirate,0.0,0.955,0.045,0.00645
pandar,0.0624,0.8072666666666667,0.13033333333333333,0.06943666666666666
boult,0.03711627906976745,0.9046976744186047,0.058186046511627905,0.03641976744186048
bawd,0.058726415094339644,0.831311320754717,0.1099622641509434,0.06776037735849057
lysimachus,0.055252252252252256,0.8090720720720722,0.13569369369369366,0.09892612612612611
tyriansailor,0.0,0.8811818181818182,0.11881818181818181,0.07176363636363635
kingrichardii,0.10096221662468512,0.7914722921914358,0.10756423173803532,0.015097229219143578
johnofgaunt,0.11247668393782388,0.786585492227979,0.10094300518134716,-0.022018134715025908
henrybolingbroke,0.08129864253393669,0.7798733031674204,0.13883257918552033,0.07332782805429867
thomasmowbray,0.08832846715328468,0.7688248175182483,0.14284671532846716,0.06725401459854013
lordmarshal,0.0361923076923077,0.8497692307692308,0.11403846153846153,0.10425384615384617
dukeofaumerle,0.06430232558139536,0.8011511627906973,0.13455813953488374,0.08417790697674421
firstherald,0.09416666666666666,0.8288333333333333,0.077,-0.05766666666666667
secondherald,0.045714285714285714,0.8037142857142856,0.15057142857142858,0.08778571428571427
green,0.09096875000000001,0.7668437500000002,0.14215625,0.08355
bushy,0.10528205128205127,0.7932307692307692,0.1014871794871795,-0.0150025641025641
dukeofyork,0.10235409836065576,0.8045081967213114,0.09314426229508202,6.950819672131128e-05
lordross,0.1510909090909091,0.7463181818181819,0.10263636363636364,-0.06953636363636363
lordwilloughby,0.03386666666666667,0.862,0.10413333333333334,0.10173333333333333
bagot,0.12143999999999998,0.8295999999999999,0.04896,-0.08170400000000001
henrypercy,0.04732608695652175,0.8587391304347827,0.094,0.05524130434782609
lordberkeley,0.06888888888888889,0.7931111111111111,0.138,0.12003333333333334
earlofsalisbury,0.12683333333333333,0.7275416666666668,0.14558333333333331,0.025708333333333357
bishopofcarlisle,0.154015873015873,0.7235079365079363,0.12246031746031749,-0.050161904761904755
sirstephenscroop,0.12289189189189191,0.784864864864865,0.09221621621621623,-0.06551891891891892
gardener,0.046875,0.8709642857142859,0.08214285714285716,0.03974285714285715
lordfitzwater,0.07155555555555555,0.8256296296296298,0.10285185185185186,0.03827777777777778
dukeofsurrey,0.036199999999999996,0.8476999999999999,0.11610000000000001,0.09420000000000002
abbot,0.057,0.8905000000000001,0.0525,-0.007592857142857139
duchessofyork,0.141281124497992,0.7444016064257034,0.11431726907630521,-0.04347188755020081
exton,0.10607407407407407,0.8283333333333331,0.06559259259259259,-0.06563333333333335
groom,0.03438461538461538,0.8663846153846154,0.09923076923076923,0.06046923076923077
brakenbury,0.08606976744186046,0.768953488372093,0.1449767441860465,0.08687441860465116
ladyanne,0.15710000000000002,0.7445500000000002,0.09832499999999998,-0.08966874999999999
gentlemen,0.0,0.5,0.5,0.4588
derby,0.08146031746031746,0.8073968253968252,0.11114285714285713,0.050699999999999995
dorset,0.1408,0.7113,0.1479,0.037169999999999995
catesby,0.05508955223880596,0.811865671641791,0.1330597014925373,0.09611343283582088
girl,0.09400000000000001,0.818,0.08800000000000001,-0.003966666666666674
children,0.07633333333333334,0.7263333333333333,0.19733333333333336,0.23583333333333334
lordmayor,0.08668749999999999,0.7129375,0.20037500000000003,0.17324375000000003
lordstanley,0.0308125,0.8249375000000001,0.14425000000000002,0.16325
pursuivant,0.0,0.666,0.33399999999999996,0.3929
priest,0.02488888888888889,0.8624444444444443,0.11266666666666666,0.12074444444444447
ratcliff,0.05976666666666667,0.8375333333333332,0.10269999999999999,0.08602
vaughan,0.457,0.543,0.0,-0.7096
bishopofely,0.0,0.87425,0.12575,0.179225
lovel,0.14566666666666667,0.8543333333333333,0.0,-0.1589
scrivener,0.06388235294117647,0.833764705882353,0.10235294117647059,0.014829411764705883
another,0.0,0.775,0.225,0.4404
kingrichardiii,0.0954,0.8040038834951451,0.10060388349514568,0.00815864077669902
tyrrel,0.09846341463414635,0.8011707317073169,0.10036585365853659,-0.020019512195121943
thirdmessenger,0.088625,0.911375,0.0,-0.06825
fourthmessenger,0.023899999999999998,0.8789,0.0972,0.09079
christopher,0.0,0.89725,0.10275000000000001,0.1313375
richmond,0.07529341317365268,0.7840658682634731,0.14062874251496998,0.09942155688622759
herbert,0.421,0.579,0.0,-0.6226
blunt,0.0805,0.7391249999999999,0.180375,0.15611250000000002
ofprinceedward,0.2452,0.6858000000000001,0.06899999999999999,-0.11457999999999999
ofkinghenryvi,0.1366,0.795,0.06839999999999999,-0.08424000000000001
ghostofclarence,0.18599999999999997,0.7707272727272727,0.04336363636363636,-0.19981818181818178
ghostofrivers,0.225,0.775,0.0,-0.2952
ghostofgrey,0.1325,0.8065,0.0615,-0.1691
ghostofvaughan,0.36999999999999994,0.63,0.0,-0.49193333333333333
ghostofhastings,0.23955555555555558,0.7375555555555555,0.02288888888888889,-0.2651555555555556
ofyoungprinces,0.1861818181818182,0.6885454545454546,0.12527272727272729,-0.06639090909090908
ghostofladyanne,0.18225000000000002,0.731,0.08675,-0.04932499999999999
ofbuckingham,0.1817142857142857,0.7020000000000001,0.11621428571428571,-0.09282857142857141
sampson,0.0966764705882353,0.8354705882352941,0.06785294117647059,-0.03189117647058824
gregory,0.1476,0.8429500000000001,0.00945,-0.11986999999999999
abraham,0.177,0.7092,0.11379999999999998,-0.03632
benvolio,0.11206936416184975,0.7811849710982658,0.10675144508670519,-0.0016630057803468218
tybalt,0.20060000000000003,0.7401500000000001,0.059250000000000004,-0.15733250000000004
capulet,0.07123648648648649,0.8226790540540542,0.10609121621621621,0.0493952702702703
ladycapulet,0.100655737704918,0.7904180327868853,0.10891803278688525,0.005147540983606559
ladymontague,0.07325,0.8584999999999999,0.06825,0.004599999999999993
romeo,0.10849923195084492,0.7546820276497693,0.1368233486943165,0.04610015360983094
paris,0.10696739130434782,0.7728967391304349,0.12015217391304348,0.02217717391304348
nurse,0.07606832298136645,0.8243913043478263,0.09954658385093171,0.0355947204968944
mercutio,0.06490774907749076,0.8375977859778596,0.09749446494464946,0.04393210332103323
secondcapulet,0.0,1.0,0.0,0.0
friarlaurence,0.10111260053619306,0.7753860589812333,0.12350134048257373,0.030181233243967872
secondmusician,0.060375,0.91625,0.023375,-0.0129125
musician,0.0,0.667,0.333,0.4588
thirdmusician,0.0,0.641,0.359,0.4215
apothecary,0.11685714285714287,0.8152857142857143,0.06785714285714285,-0.05474285714285716
friarjohn,0.0658,0.9342,0.0,-0.08198666666666667
sly,0.020310810810810813,0.8938918918918919,0.0857972972972973,0.07613513513513515
firsthuntsman,0.10266666666666666,0.7538888888888889,0.14344444444444446,0.07107777777777777
secondhuntsman,0.06133333333333333,0.9386666666666666,0.0,-0.06743333333333333
players,0.0,0.244,0.756,0.7351
aplayer,0.0785,0.71025,0.21125,0.178525
lucentio,0.029443902439024394,0.845185365853659,0.12536585365853664,0.13062731707317068
tranio,0.032462783171521035,0.8270032362459544,0.14052750809061482,0.15162038834951458
baptista,0.05977083333333333,0.8027135416666668,0.13750520833333332,0.09848072916666667
gremio,0.06349438202247192,0.8225224719101125,0.11397752808988762,0.06949550561797756
katharina,0.09092035398230094,0.7712654867256638,0.13782300884955756,0.06328982300884958
hortensio,0.04946460176991151,0.8205088495575223,0.13002212389380535,0.11941858407079647
hortensia,0.31,0.465,0.225,-0.2714
biondello,0.04916822429906542,0.8827663551401871,0.06805607476635514,0.03802429906542056
petruchio,0.05174600638977638,0.8402619808306708,0.10799520766773157,0.08371309904153347
grumio,0.08347727272727276,0.8492727272727272,0.06725,-0.018815909090909095
katarina,0.18966666666666665,0.8103333333333333,0.0,-0.19099999999999998
curtis,0.05174074074074074,0.862,0.08625925925925927,0.03231851851851852
nathaniel,0.0,0.7017500000000001,0.29825,0.307925
philip,0.0,1.0,0.0,0.0
joseph,0.0,1.0,0.0,0.0
nicholas,0.0,1.0,0.0,0.0
pedant,0.05575471698113207,0.820377358490566,0.12386792452830189,0.08302264150943398
haberdasher,0.0,0.761,0.239,0.296
tailor,0.027588235294117646,0.899764705882353,0.07264705882352941,0.055382352941176466
vincentio,0.08209615384615385,0.7991153846153847,0.11878846153846154,0.027188461538461533
boatswain,0.07766,0.8139,0.10844000000000004,0.04529599999999998
alonso,0.08584070796460175,0.8102477876106197,0.10392035398230089,0.02123716814159291
gonzalo,0.08191812865497076,0.8005497076023393,0.11752046783625732,0.06429707602339184
sebastian,0.07896078431372552,0.8183372549019609,0.10269803921568624,0.029073333333333347
mariners,0.477,0.523,0.0,-0.6679
miranda,0.0993916083916084,0.7421608391608393,0.15843356643356643,0.06613356643356644
prospero,0.07480671140939597,0.8203624161073816,0.1048308724832215,0.03934630872483221
ariel,0.08737430167597762,0.8239553072625699,0.08866480446927374,0.004026256983240225
caliban,0.07467415730337079,0.8375786516853936,0.08775842696629213,0.01517303370786516
adrian,0.01075,0.9273125,0.061937500000000006,0.04536875
trinculo,0.1101,0.7940090909090909,0.0958818181818182,-0.03766545454545455
iris,0.04470454545454545,0.8040227272727272,0.15127272727272725,0.1507659090909091
ceres,0.0124,0.8574400000000001,0.13016000000000003,0.116104
juno,0.0,0.7303750000000001,0.269625,0.323675
painter,0.03798529411764706,0.8128529411764704,0.14917647058823533,0.13987058823529414
merchant,0.013,0.7847857142857143,0.20228571428571426,0.18272142857142862
jeweller,0.0,0.773125,0.226875,0.32853750000000004
timon,0.08926628571428577,0.7913142857142852,0.11941942857142854,0.03308171428571425
oldathenian,0.03751724137931034,0.8084827586206896,0.154,0.164848275862069
apemantus,0.11303474903474904,0.7716756756756756,0.11528185328185331,0.006245173745173739
alcibiades,0.13014285714285712,0.7472742857142859,0.12259428571428574,-0.010283999999999998
cupid,0.0,0.7726666666666667,0.22733333333333336,0.3407166666666666
allladies,0.0,0.746,0.254,0.2377
alllords,0.51,0.49,0.0,-0.4803
caphis,0.06880645161290323,0.8117096774193546,0.11948387096774192,0.061229032258064496
allservants,0.1447142857142857,0.8170000000000001,0.03842857142857143,-0.06291428571428571
flaminius,0.06482051282051282,0.7895641025641026,0.14561538461538462,0.09875641025641028
lucullus,0.045,0.7753157894736841,0.17968421052631578,0.20638157894736844
firststranger,0.031911764705882355,0.8373529411764706,0.13079411764705884,0.13466176470588234
secondstranger,0.11433333333333333,0.7471666666666668,0.13849999999999998,-0.01676666666666667
servilius,0.035272727272727275,0.7483636363636363,0.2163181818181818,0.21448636363636364
thirdstranger,0.0,1.0,0.0,0.0
sempronius,0.09703571428571427,0.7864642857142857,0.11653571428571428,0.04453571428571428
hortensius,0.06027272727272726,0.8723636363636363,0.06736363636363636,0.026563636363636366
philotus,0.044,0.8501874999999999,0.1058125,0.050025
thirdsenator,0.222375,0.777625,0.0,-0.34785
somespeak,0.0,1.0,0.0,0.0
someothers,0.0,1.0,0.0,0.0
phrynia,0.0,1.0,0.0,0.0
timandra,0.0,0.79875,0.20124999999999998,0.1394375
firstbandit,0.07176923076923078,0.8503846153846155,0.07784615384615384,0.015330769230769224
secondbandit,0.0935,0.7895,0.11725,0.023425
thirdbandit,0.0,0.8746666666666667,0.12533333333333332,0.20620000000000002
banditti,0.0,0.6295,0.3705,0.30365
saturninus,0.0773215859030837,0.7980440528634364,0.12462995594713652,0.06869691629955947
bassianus,0.043347826086956524,0.7845217391304349,0.17214492753623195,0.1787333333333333
marcusandronicus,0.09941155234657041,0.7710974729241874,0.1295090252707581,0.04052418772563179
titusandronicus,0.1161966145833333,0.7821718749999998,0.10163151041666672,-0.02391367187499999
tamora,0.10859040590405904,0.7878929889298896,0.10352029520295203,0.00012878228782287797
chiron,0.0835,0.7763703703703704,0.1401296296296296,0.07344444444444442
lavinia,0.12396721311475409,0.7544098360655738,0.12160655737704919,0.008778688524590173
tribunes,0.0,0.5166666666666667,0.48333333333333334,0.5544000000000001
mutius,0.0,0.821625,0.178375,0.1915375
martius,0.15366666666666665,0.7668181818181817,0.07954545454545454,-0.10855757575757576
quintus,0.1085,0.8064666666666666,0.08506666666666667,-0.02092333333333333
aaron,0.08821066666666669,0.8117519999999998,0.10004000000000005,0.01900079999999999
marcus,0.08923529411764704,0.7868039215686272,0.12401960784313726,0.054566666666666645
younglucius,0.11442857142857142,0.7503265306122449,0.13522448979591836,0.017802040816326522
aemilius,0.09259090909090908,0.8530454545454546,0.054363636363636364,-0.06474090909090909
firstgoth,0.08627272727272728,0.763,0.15081818181818185,0.0842090909090909
allthegoths,0.0,1.0,0.0,0.0
secondgoth,0.12661904761904763,0.8170952380952381,0.056285714285714286,-0.0872190476190476
thirdgoth,0.0,0.9055,0.0945,0.05135
troilus,0.1008926056338029,0.779975352112676,0.11913380281690139,0.03270528169014088
pandarus,0.0638090692124105,0.811639618138425,0.12454653937947491,0.07325536992840091
aeneas,0.03588235294117647,0.801718954248366,0.16239215686274514,0.1599816993464052
cressida,0.06932176656151418,0.788280757097792,0.14239432176656155,0.09297791798107259
alexander,0.10858823529411765,0.8603235294117645,0.031088235294117646,-0.09748529411764706
agamemnon,0.057728571428571435,0.8322666666666668,0.11000952380952383,0.07274476190476188
nestor,0.058220238095238096,0.8356607142857141,0.10611904761904765,0.0579827380952381
ulysses,0.06592384769539081,0.8099639278557109,0.12410621242484965,0.08545010020040077
menelaus,0.054642857142857146,0.8077142857142857,0.13764285714285715,0.12067142857142854
ajax,0.10742553191489364,0.8122872340425532,0.08028723404255318,-0.03405531914893617
thersites,0.1017363344051447,0.8391446945337621,0.05912218649517687,-0.07175787781350486
achilles,0.05846153846153846,0.829206730769231,0.11233653846153849,0.06187067307692306
patroclus,0.10064705882352942,0.769529411764706,0.12982352941176467,0.04431323529411767
priam,0.05838095238095238,0.8164285714285714,0.12519047619047619,0.10320476190476191
hector,0.07764628820960696,0.7844672489082968,0.13787336244541484,0.0822633187772926
helenus,0.09775,0.759,0.14300000000000002,0.11132500000000001
cassandra,0.1910769230769231,0.7216666666666667,0.08725641025641027,-0.13410769230769232
helen,0.04704166666666667,0.7658749999999999,0.18712499999999999,0.17379999999999998
calchas,0.06390625,0.8312187500000001,0.10487499999999998,0.06961875
deiphobus,0.0,0.7025,0.2975,0.26335
andromache,0.15625,0.7715000000000001,0.0723125,-0.10885
margarelon,0.28683333333333333,0.7131666666666666,0.0,-0.29181666666666667
myrmidons,0.0,0.737,0.263,0.3612
dukeorsino,0.07235622317596566,0.7911287553648068,0.13651502145922748,0.10380214592274685
curio,0.053200000000000004,0.8478,0.099,0.12324000000000002
valentine,0.0792574257425743,0.7607698019801987,0.15998267326732668,0.12489381188118798
viola,0.07136211699164344,0.7917632311977719,0.1368690807799443,0.09183788300835655
sirtobybelch,0.06143801652892564,0.8474903581267218,0.0910743801652893,0.024433057851239674
sirandrew,0.05707096774193549,0.8009935483870967,0.14192258064516133,0.10185096774193547
olivia,0.08220520231213874,0.8229017341040462,0.09487572254335258,0.015250000000000003
malvolio,0.0804320557491289,0.8195958188153307,0.09997909407665503,0.05168013937282228
fabian,0.07843750000000001,0.7869285714285713,0.13462500000000002,0.06625714285714286
proteus,0.08691139240506322,0.766670886075949,0.14642616033755274,0.08627151898734176
speed,0.05382758620689654,0.8417044334975373,0.10445812807881773,0.0686472906403941
julia,0.08554597701149425,0.7833936781609195,0.13106321839080465,0.07926120689655174
lucetta,0.08149333333333333,0.8212266666666669,0.09728,0.04030800000000003
panthino,0.09593023255813954,0.8245813953488372,0.07948837209302324,-0.041574418604651164
silvia,0.08259638554216868,0.7871024096385544,0.13028915662650606,0.0639512048192771
launce,0.0767981220657277,0.8576854460093897,0.06551643192488264,-0.01258779342723005
thurio,0.03751666666666667,0.8716166666666669,0.09086666666666667,0.08410833333333335
firstoutlaw,0.07704761904761905,0.849238095238095,0.07371428571428572,-0.013161904761904774
secondoutlaw,0.043187500000000004,0.8961874999999999,0.060625,0.037974999999999995
thirdoutlaw,0.059357142857142865,0.9195357142857142,0.021107142857142856,-0.047667857142857144
eglamour,0.04457575757575758,0.8209696969696969,0.13445454545454547,0.11767878787878788
outlaws,0.0,0.0,1.0,0.8805
archidamus,0.06052,0.80304,0.1364,0.10893599999999999
camillo,0.07029677419354838,0.817083870967742,0.11261935483870963,0.0550490322580645
polixenes,0.07605714285714288,0.8058428571428574,0.1180892857142857,0.06113714285714285
leontes,0.07749999999999994,0.8157986111111106,0.10670555555555562,0.03337416666666666
hermione,0.09382159624413146,0.7827887323943664,0.12338028169014087,0.058835680751173736
mamillius,0.08990909090909091,0.7558181818181818,0.1543181818181818,0.10761363636363637
secondlady,0.0,0.91325,0.08675,0.12315
antigonus,0.09824576271186442,0.8074999999999999,0.0942542372881356,-0.007884745762711871
paulina,0.08840000000000002,0.7972281690140848,0.11438028169014083,0.028823098591549294
cleomenes,0.08386956521739129,0.6641304347826086,0.25199999999999995,0.12651304347826087
dion,0.07664516129032257,0.7703870967741937,0.15296774193548388,0.11997741935483872
mariner,0.11158333333333333,0.7654166666666667,0.123,0.028175000000000002
time,0.047444444444444435,0.8604444444444445,0.09208333333333335,0.040005555555555544
autolycus,0.05353333333333333,0.8603777777777776,0.08607619047619051,0.04510603174603177
florizel,0.05037019230769231,0.8332163461538459,0.1164230769230769,0.07919807692307693
perdita,0.06382089552238804,0.8141343283582086,0.12205223880597013,0.07467089552238805
dorcas,0.048916666666666664,0.7949166666666666,0.15616666666666665,0.12477500000000001
mopsa,0.0126,0.78515,0.20224999999999999,0.21405000000000002
shepard,0.0,1.0,0.0,0.0
